<blocks app="Snap4Arduino 1.2.2
 http://snap4arduino.org" version="1"><block-definition s="configurar pino digital %&apos;PIN&apos; como entrada %&apos;MODE&apos;" type="command" category="arduino"><header></header><code></code><inputs><input type="%n">2</input><input type="%txt" readonly="true">padrão<options>padrão
pullup</options></input></inputs><script><block s="doRun"><block s="reportJSFunction"><list><l>pin</l><l>mode</l></list><l>if (this.arduino.isBoardReady()) {&#xD;    var board = this.arduino.board; &#xD;    board.pinMode(pin, board.MODES.INPUT);&#xD;    if (mode == "padrão") board.digitalWrite(pin,0);&#xD;    if (mode == "pullup") board.digitalWrite(pin,1);&#xD;    board.reportDigitalPin(pin,1);&#xD;} else {&#xD;    throw new Error(localize(&apos;Arduino not connected&apos;));		&#xD;}</l></block><list><block var="PIN"/><block var="MODE"/></list></block></script></block-definition></blocks>